Month,Accuracy,Earnings,Total Games,Total Investment,ROI,FavoriteWPercent,UnderdogWPercent
11,0.5297029702970297,-1881.7291074299494,202,27928.125975276853,-6.73775644343532,0.5829145728643216,0.4170854271356784
12,0.6150234741784038,2453.5612580503466,213,29941.390640459183,8.194546764754806,0.6411483253588517,0.3588516746411483
01,0.5804597701149425,-159.7386677512419,174,24772.564297935893,-0.6448208826106537,0.5290697674418605,0.4709302325581395
02,0.5942028985507246,387.1678429183893,207,30294.818789500565,1.2780001940548729,0.6310679611650486,0.3689320388349514
03,0.6297872340425532,1736.1819472797474,235,37585.26163842603,4.6193158477437,0.6538461538461539,0.34615384615384615
04,0.6181818181818182,355.851916115074,55,9335.571507308348,3.811785018587191,0.6545454545454545,0.34545454545454546
